month,blended_factor
1,0.80596166
2,0.99519975
3,0.85207862
4,0.84351287
5,1.01306986
6,0.90625355
7,0.89184354
8,0.92164298
9,0.88598763
10,0.91103750
11,1.03384743
12,1.93956461
